time,open,close,high,low,volume
1364774820000,93.25,93.3,93.3,93.25,93.3
1364774880000,100.0,100.0,100.0,100.0,93.3
1364774940000,93.3,93.3,93.3,93.3,33.67686227
1364775060000,93.35,93.47,93.47,93.35,20.0
1364775120000,93.47,93.47,93.47,93.47,2.02162704
1364775180000,93.03001,93.03,93.03001,93.03,4.9854
1364775960000,93.04399,93.04399,93.04399,93.04399,12.68950068
1364776080000,93.34999,93.35,93.35,93.34999,5.0
1364776500000,93.19999,93.35,93.35,93.19999,40.0
1364777580000,93.25,93.3,93.3,93.25,18.3
1364777640000,93.1,93.1,93.1,93.1,22.31049932
1364778000000,93.37999,93.37999,93.37999,93.37999,0.13540256
1364778360000,93.38001,93.37999,93.38001,93.37999,3.40909091
1364778420000,93.37999,93.37999,93.37999,93.37999,5.10909076
1364778660000,93.48001,93.37999,93.48001,93.37999,3.98273394
1364778720000,93.48001,93.48797,93.48797,93.2,9.81440658
1364778780000,93.48797,93.48797,93.48797,93.48797,1.05988303
1364779380000,93.4847,93.4847,93.4847,93.4847,16.06
1364779680000,93.40001,93.40001,93.40001,93.40001,3.4
1364780160000,93.10001,93.1,93.10001,93.1,2.27272727
1364781900000,93.17,93.17,93.17,93.17,0.6276
1364782080000,93.16999,93.29,93.29,93.16999,10.0
1364783220000,93.10999,93.10999,93.10999,93.10999,0.43382
1364783760000,93.24,93.24,93.24,93.24,1.25
1364783880000,93.478,93.5,93.5,93.478,200.0
1364784000000,93.5,93.5,93.5,93.5,200.0
1364784060000,93.5,93.5,93.5,93.5,30.0
1364784180000,93.53001,93.64,94.0,93.53001,12.0
1364784240000,93.64,93.64,93.64,93.64,10.0
1364784720000,93.74,93.74,93.74,93.74,2.0
1364785260000,93.8,93.8,93.8,93.8,3.0
1364786040000,92.49999,92.5,92.5,92.49999,73.31618
1364786100000,92.5,92.5,92.5,92.5,5.0
1364787480000,92.70002,92.70002,92.70002,92.70002,15.0
1364790600000,93.15501,93.15503,93.15503,93.15501,5.0
1364793300000,93.7,93.7,93.7,93.7,10.09
1364793360000,93.7,93.7,93.7,93.7,5.0
1364793780000,93.765,93.78661,93.78661,93.765,0.60854451
1364793840000,93.789,93.79,93.79,93.789,6.39145549
1364797380000,94.06751,94.06751,94.06751,94.06751,10.0
1364797440000,94.0,94.0,94.0,94.0,15.0
1364799180000,94.00001,94.0,94.00001,94.0,8.0
1364799300000,94.00001,94.00001,94.00001,94.00001,0.9
1364799360000,94.48,94.48,94.48,94.48,50.0
1364799420000,94.00001,94.00001,94.00001,94.00001,0.1
1364803740000,93.55,93.55,93.55,93.55,1.70287067
1364805000000,93.55001,93.55001,93.55001,93.55001,2.0
1364806320000,94.0,94.0,94.0,94.0,0.1045
1364807520000,94.22999,94.23,94.23,94.22999,1.97
1364810700000,94.39986,94.0,94.48,94.0,20.62590909
1364810760000,94.0,94.0,94.0,94.0,1.7045454599999998
1364810820000,94.48,95.0,95.0,94.48,57.08
1364810880000,95.0,95.0,95.0,95.0,5.0
1364811240000,94.59998,95.0,95.0,94.59998,21.32
1364811360000,95.0,95.0,95.0,95.0,18.15
1364811420000,95.0,95.0,95.0,95.0,36.28
1364811480000,94.60998,95.0,95.0,94.60998,18.14
1364811660000,94.59999,95.0,95.0,94.59999,14.23
1364811720000,95.0,95.0,95.0,95.0,12.0
1364811780000,95.0,95.0,95.0,95.0,12.03
1364811900000,95.0,95.0,95.0,95.0,10.47
1364812140000,94.15,95.0,95.0,94.15,1.52
1364815980000,94.05,94.05,94.05,94.05,5.0
1364816160000,94.0,94.0,94.0,94.0,5.0
1364816460000,94.98,94.98,94.98,94.98,5.0
1364816700000,94.98,94.98,94.98,94.98,14.92
1364816820000,94.98,94.98,94.98,94.98,10.0
1364816880000,94.98,94.98,94.98,94.98,48.87
1364817000000,94.98,95.2,95.5,94.98,109.53924701
1364817300000,95.89999,95.9898,95.9898,95.89999,8.634420800000001
1364817360000,95.99,95.5,96.0,95.5,33.13797037
1364817540000,96.0,96.0,96.0,96.0,10.0
1364817960000,96.675,96.675,96.675,96.675,12.0
1364818080000,98.0,98.0,98.0,98.0,40.0
1364818140000,97.97,98.1,98.1,97.97,10.0
1364818320000,98.0,98.0,98.0,98.0,3.0
1364818440000,98.0,98.0,98.0,98.0,12.0
1364818560000,97.75112,97.75112,97.75112,97.75112,3.93451264
1364818800000,97.5,97.5,97.5,97.5,8.93451264
1364818920000,97.5,97.5,97.5,97.5,40.0
1364818980000,95.98264,95.98264,95.98264,95.98264,20.1581164
1364819040000,96.79997,96.79997,96.79997,96.79997,5.407
1364819100000,96.999,97.0,97.0,96.99797,14.92742328
1364819220000,97.39,97.48,97.48,97.39,3.50746032
1364819700000,97.7,97.8154,97.8154,97.7,13.0
1364819940000,97.999,98.01906,98.01906,97.999,0.66508458
1364820060000,98.3965,98.41,98.41,98.3965,4.53866241
1364820300000,97.7,97.7,97.7,97.7,0.2
1364820360000,97.7,97.7,97.7,97.7,0.4
1364820660000,98.0,98.0,98.0,98.0,5.20374699
1364820840000,97.0,97.0,97.0,97.0,0.94
1364821140000,98.5,98.5,98.5,98.5,20.0
1364821680000,97.4,97.4,97.4,97.4,1.2
1364822820000,98.5,98.5,98.5,98.5,19.4
1364822940000,98.55001,98.5626,98.5626,98.55001,6.6
1364823060000,98.55,98.55,98.55,98.55,0.3
1364823240000,98.5,98.8,98.8,98.5,25.0
1364823300000,98.8,98.8,98.8,98.8,3.0
1364823960000,99.0,99.0,99.0,99.0,18.0
1364824380000,99.01,99.01,99.01,99.01,6.0
1364824680000,99.9,99.9,99.9,99.9,3.5
1364825100000,99.62055,99.62054,99.62055,99.62054,2.00485986
1364825220000,99.007,99.00001,99.007,99.00001,10.0
1364825280000,99.5,99.5,99.5,99.5,2.00485986
1364825340000,99.5,99.5,99.5,99.5,4.0
1364825880000,100.0,100.0,100.0,100.0,15.0
1364825940000,100.98,99.99,100.98,99.99,3.86993281
1364826180000,100.875,100.875,100.875,100.875,0.1
1364826300000,100.775,100.3,100.775,100.3,12.59198742
1364826360000,101.0,100.98001,101.0,100.2001,16.03680172
1364826480000,101.01,101.02,101.02,101.01,0.1
1364826600000,101.45,101.45,101.45,101.45,2.0
1364826660000,101.75,101.7877,101.7877,101.75,5.463556650000001
1364826780000,101.51,101.51,101.51,101.51,0.32285309
1364826840000,101.55,101.51,101.55,101.0,0.75073182
1364826900000,101.75,101.75,101.75,101.75,0.63382074
1364827020000,102.05,102.05,102.05,102.05,2.73
1364827080000,101.74999,101.74999,101.74999,101.74999,0.05009716
1364827140000,102.1,102.1,102.1,102.1,0.18081068
1364827380000,102.47,102.47,102.47,102.47,0.32
1364827440000,102.0,102.4,102.4,102.0,3.40626616
1364827500000,102.6,102.6,102.6,102.6,3.0
1364827800000,103.5,103.5,103.5,103.5,2.06409166
1364827860000,103.0,103.9,103.9,103.0,49.9
1364827920000,104.0804,104.23,104.23,104.0804,9.0
1364827980000,104.9,104.6,105.0,104.0,401.0
1364828040000,104.6,104.6,104.6,104.6,9.0
1364828100000,104.59999,104.6,104.6,104.59999,23.66
1364828160000,104.0,103.51991,104.0,100.0,26.147
1364828220000,103.51991,103.6,104.0,103.51991,45.07680850000001
1364828280000,103.5,103.5,103.5,103.5,0.5
1364828400000,105.9,105.9,105.9,105.9,2.0
1364828460000,104.4,104.4,104.4,104.4,14.16
1364828520000,104.4,104.4,105.0,103.51,29.15
1364828580000,105.175,105.175,105.175,105.175,0.1
1364828640000,105.125,105.04,105.125,105.04,0.8936999999999999
1364828820000,103.00999,103.0,103.00999,103.0,20.0
1364828880000,103.0,102.6,103.5199,102.6,50.98
1364828940000,102.77393,102.555,102.77393,102.555,0.1
1364829060000,100.2598,100.01,100.2598,100.01,10.0
1364829180000,100.0,100.0,100.0,100.0,25.0
1364829300000,100.80601,100.80601,100.80601,100.80601,0.00282526
1364829420000,100.9,100.00999,100.9,100.00999,41.56316
1364829480000,100.9,99.4,100.9,99.4,230.0
1364829540000,100.00999,96.3,100.81,96.3,43.80383000000001
1364829660000,100.5,100.5,100.5,100.5,3.0
1364829840000,100.28,100.1,100.28,100.1,5.0
1364829960000,100.01,100.0,100.01,100.0,3.91849965
1364830020000,99.4,98.95,99.77876,98.95,306.75836732
1364830080000,98.934,100.0,100.0,98.70342,187.89569093
1364830140000,98.70342,98.8,98.8,98.70342,3.2476207
1364830200000,99.0,99.0,99.0,99.0,3.0
1364830260000,99.0,99.0,99.0,99.0,14.0
1364830320000,98.9,99.0,99.0,98.9,10.0
1364830440000,99.00001,99.00001,99.00001,99.00001,1.0
1364830500000,99.0,99.00001,99.00001,99.0,140.0
1364830560000,99.0,99.0,99.0,99.0,14.0
1364830620000,99.0,99.0,99.0,99.0,1.5
1364830680000,100.01,100.9,101.0,100.01,71.37
1364830800000,100.33511,100.99999,101.0,100.33511,18.33776224
1364830920000,101.99,101.99,102.0,101.99,20.00996795
1364830980000,102.0,102.7,102.7,102.0,21.38558058
1364831040000,102.7,102.0,102.7,102.0,11.46445147
1364831340000,101.9,101.9,101.9,101.9,4.0
1364831400000,101.9,101.9,101.9,101.9,1.0
1364831640000,102.39,102.44,102.44,102.39,50.0
1364831880000,102.2,102.2,102.21505,102.2,120.0
1364832120000,103.29,103.29,103.29,103.29,4.2
1364832240000,103.3,103.3,103.3,103.3,1.48544888
1364832360000,103.45851,103.93,103.93,103.45851,20.0
1364832480000,103.98997,103.93,103.98997,103.93,6.97386763
1364832540000,103.99,104.0,104.0,103.93,227.68018430000004
1364832600000,104.0,104.0,104.0,104.0,0.05670257
1364832660000,104.0,104.29999,104.29999,104.0,25.0
1364832720000,104.5,104.3,104.5,104.3,10.0
1364832840000,104.39991,104.44,104.45,104.39991,1.39322555
1364832900000,104.45,104.44,104.45,104.39991,21.39322555
1364833020000,103.98,104.45,104.45,103.98,22.05677445
1364833080000,103.98101,104.0,104.0,103.98101,5.5
1364833260000,103.32,103.31999,103.32,103.31999,10.0
1364833740000,103.2,103.2,103.20001,103.2,25.0
1364833800000,103.02,103.0,103.02,103.0,10.0
1364834220000,103.02,103.02,103.02,103.02,12.0
1364834520000,103.02,103.28999,103.28999,103.02,8.39701976
1364834760000,103.01,103.01,103.01,103.01,10.0
1364834820000,103.03,103.03,103.03,103.03,15.0
1364834880000,103.2,103.19999,103.3,103.19999,41.97530756
1364834940000,103.29999,103.29999,103.29999,103.29999,0.17769745
1364835000000,103.19998,103.19998,103.19998,103.19998,0.40123892
1364835060000,103.29998,103.29998,103.29998,103.29998,0.22980559
1364835180000,103.03,103.03,103.03,103.03,1.13636364
1364835240000,103.03,103.0,103.03,103.0,10.86
1364835300000,103.03,103.0,103.03,103.0,20.0
1364835480000,102.58799,102.1,102.58799,102.1,52.29701976
1364835600000,102.2,102.43262,102.43262,102.2,1.793084
1364835660000,102.87899,102.87899,102.87899,102.87899,0.04076566
1364835960000,102.14764,102.01002,102.14764,102.01002,3.7975
1364836020000,102.0,102.0,102.0,102.0,1.0
1364836560000,102.20215,102.20215,102.20215,102.20215,2.0
1364836620000,102.20215,102.20215,102.20215,102.20215,2.0
1364837040000,103.0,103.0,103.0,103.0,17.39663098
1364837100000,103.0,103.0,103.0,103.0,8.69831549
1364837160000,103.17999,103.17999,103.17999,103.17999,3.0
1364837220000,103.17999,103.17999,103.17999,103.17999,0.29
1364837400000,102.99999,102.99999,102.99999,102.99999,0.04476497
1364837580000,102.98999,102.98999,102.98999,102.98999,0.04476498
1364837640000,102.9999,102.9999,102.9999,102.9999,3.0
1364839620000,102.49998,102.49998,102.49998,102.49998,5.0
1364839740000,102.49999,102.49999,102.49999,102.49999,3.0
1364843040000,103.458,103.458,103.458,103.458,16.69
1364843100000,103.458,103.45901,103.45901,103.458,19.5362
1364843460000,103.05557,103.05557,103.05557,103.05557,40.0
1364843760000,102.11099,102.11099,102.11099,102.11099,26.38198488
1364844000000,102.5,102.5,102.5,102.5,17.78044122
1364844060000,102.5,102.5,102.5,102.5,1.0
1364844120000,102.5,102.5,102.5,102.5,4.0
1364844540000,103.62998,103.62998,103.62998,103.62998,1.6975739
1364846340000,103.899,104.0,104.4,103.899,100.0
1364850180000,103.93,103.99998,104.4,103.93,70.0
1364850300000,104.49,104.49,104.49,104.49,1.0
1364851020000,103.5,103.1,103.5,103.1,38.33776224
1364852040000,104.5,104.5,104.5,104.5,50.0
1364853540000,104.30001,104.01,104.30001,104.01,15.0
1364855340000,105.5,105.5,105.5,105.5,10.0
1364855640000,105.0,105.0,105.0,105.0,12.0
1364857020000,105.0,105.0,105.0,105.0,26.21036503
1364858340000,103.0,103.0,103.0,103.0,70.0
1364859360000,102.23099,102.23099,102.23099,102.23099,3.53616
1364859420000,103.19696,103.5,103.5,103.19696,40.0
1364859540000,102.99999,103.7025,103.7025,102.99999,50.0
1364859600000,103.22979,102.53,103.22979,102.53,5.816
1364860500000,103.00007,103.00007,103.00007,103.00007,5.4
1364860620000,103.49951,103.49951,103.49951,103.49951,3.14837676
1364860680000,103.83018,103.999,103.999,103.83018,2.2
1364860980000,104.0,104.0,104.0,104.0,3.1332255
1364861520000,103.99001,103.99001,104.01871,103.99001,2.88547901
1364863140000,103.5,103.5,103.5,103.5,0.8
1364863380000,103.00001,103.0,103.00001,103.0,20.0
1364864160000,103.24871,103.24871,103.24871,103.24871,13.5
1364864400000,102.89999,102.89999,102.89999,102.89999,0.03283929
1364864460000,102.89999,102.89999,102.89999,102.89999,0.03283929
1364864580000,102.53,102.43,102.53,102.43,5.0
1364864940000,102.43,102.43,102.43,102.43,2.90063027
1364865060000,103.68,103.68,103.68,103.68,0.10417
1364865360000,102.43,102.33,102.43,102.33,6.8
1364866080000,102.97,102.93,102.97,102.93,2.0
1364866200000,103.38,103.38,103.38,103.38,1.0
1364866500000,103.48,103.48,103.48,103.48,6.93184203
1364866620000,103.69998,103.69998,103.69998,103.69998,5.49653748
1364866800000,103.01,103.01,103.01,103.01,3.0
1364866860000,103.29391,102.37,103.29391,102.37,12.46247571
1364868000000,102.8,102.8,102.8,102.8,15.0
1364868660000,103.67909,103.67909,103.67909,103.67909,20.0
1364869020000,103.35637,103.35637,103.35637,103.35637,2.80603972
1364869080000,103.4,103.4,103.4,103.4,0.033
1364870100000,104.09,104.09,104.09,104.08787,2.0282387
1364870280000,103.98788,103.98788,103.98788,103.98788,4.9717613
1364870760000,104.99901,104.99901,104.99901,104.99901,3.04700463
1364872020000,105.0,105.0,105.0,105.0,5.0
1364872080000,105.0,105.0,105.0,105.0,2.276
1364872140000,105.0,105.0,105.0,105.0,44.724
1364874720000,104.86,104.7,104.86,104.7,15.995
1364874900000,105.3,105.6,105.6,104.99999,15.995
1364875140000,105.4,104.75,105.4,104.75,4.3732
1364875200000,104.72,104.72,104.72,104.72,10.6268
1364875440000,105.40001,105.4,105.40001,105.4,0.15406281
1364875500000,105.49,105.49,105.49,105.49,4.84593719
1364875560000,105.53,105.52001,105.53,105.52001,10.0
1364875620000,105.79896,105.7,105.79896,105.7,7.18423353
1364875740000,105.71001,105.70001,105.71001,105.7,9.79203509
1364875860000,106.0,106.0,106.0,106.0,20.0
1364876040000,106.0,106.0,106.0,106.0,1.0
1364876100000,105.9,106.0,106.0,105.9,54.0
1364876340000,104.25,103.5,104.25,103.5,55.0
1364876400000,104.23927,104.23927,104.23927,104.23927,0.8281
1364877180000,104.998,104.998,104.998,104.998,0.5670000000000001
1364879280000,103.0,103.0,103.0,103.0,16.7163398
1364879340000,102.37,103.0,103.0,102.0,37.12
1364879400000,102.0,101.36001,102.0,100.1,814.47
1364879460000,102.0,102.0,102.0,102.0,10.0
1364879580000,101.28924,99.0,101.28924,99.0,89.83699999999996
1364879700000,101.0,99.0,101.0,99.0,79.0
1364879820000,101.0,101.0,101.0,101.0,20.0
1364879880000,100.99999,101.0,101.0,100.99999,30.18812376
1364880000000,101.36004,101.36004,101.36004,101.36004,5.0
1364880060000,101.0,101.0,101.0,101.0,10.0
1364880360000,103.0,103.0,103.0,103.0,20.0
1364880600000,103.08,103.0,103.08,103.0,15.0
1364880660000,102.45002,102.0,102.45002,102.0,9.85846562
1364881380000,102.75,102.75,102.75,102.75,25.0
1364881440000,102.75,103.0,103.0,102.75,97.64853438
1364882040000,102.95,102.98,102.98,102.95,50.0
1364883180000,102.99,103.0,103.0,102.99,20.0
1364884080000,102.0,102.0,102.0,102.0,20.0
1364884380000,102.0,102.0,102.0,102.0,20.0
1364885040000,101.09001,101.02,101.09001,101.02,10.0
1364886120000,102.79801,102.79801,102.79801,102.79801,25.0
1364887020000,102.0,102.0,102.0,102.0,0.88327519
1364887320000,102.0,102.747,102.747,102.0,45.0
1364889600000,102.77689,102.77689,102.77689,102.77689,0.0498486
1364891040000,102.8,102.95,102.95,102.8,1.15669264
1364891100000,102.96,102.96,102.96,102.96,0.09957
1364891160000,102.96,102.96,102.96,102.96,0.49785
1364891280000,103.0,103.0,103.0,103.0,10.0
1364891340000,103.38095,103.38095,103.38095,103.38095,1.0
1364891400000,103.38095,103.38095,103.38095,103.38095,0.45612251
1364891940000,103.5,104.0,104.0,103.5,10.0
1364892540000,104.0,104.88,104.88,104.0,69.20324570999999
1364892600000,104.89,104.9,104.9,104.89,30.79675429
1364892660000,104.86998,104.675,104.86998,104.675,11.02965814
1364892900000,104.82989,104.82989,104.82989,104.82989,0.01203712
1364892960000,104.82989,104.8,104.82999,104.8,35.0
1364893080000,104.5,104.5,104.5,104.5,20.0
1364894400000,105.0,105.0,105.0,105.0,33.94138927
1364894460000,104.99617,104.99617,104.99617,104.99617,16.05861073
1364894520000,104.99617,104.99617,104.99617,104.99617,1.11
1364894820000,104.47381,105.39999,105.39999,103.52761,498.59689784
1364895000000,104.9,104.9,104.9,104.9,28.0
1364895060000,104.9,105.019,105.019,104.89998,12.999999999999998
1364895120000,105.51,105.51,105.51,105.51,0.9
1364895360000,105.0601,105.0601,105.0601,105.0601,0.29912578
1364895540000,105.397,105.397,105.397,105.397,0.214177
1364895600000,105.22472,105.22472,105.22472,105.22472,15.0
1364895780000,105.22472,105.22472,105.22472,105.22472,5.90909076
1364896440000,105.3,105.3,105.3,105.3,0.2485
1364897460000,105.45,105.45,105.45,105.45,2.0
1364897580000,105.5,105.51,105.51,105.5,50.0
1364898120000,105.45,105.45,105.45,105.45,10.97
1364898840000,106.0,105.85,106.0,105.73001,45.0
1364898900000,105.9,105.9,105.9,105.9,25.0
1364898960000,105.88495,106.5,106.8,105.88495,116.23
1364899080000,106.59998,106.9,106.9,106.59998,124.02777
1364899140000,106.91,107.0,107.65,106.525,505.97223000000014
1364899200000,107.0,107.12101,107.12101,107.0,70.0
1364899260000,106.0123,106.97633,106.97633,106.0123,63.24754331
1364899320000,106.86,106.91,106.91,106.86,0.9957
1364899380000,106.9875,106.91,106.9875,106.91,21.0457
1364899440000,106.9,106.9,106.9,106.9,5.0
1364899500000,106.1407,106.1407,106.1407,106.1407,0.51932419
1364899680000,106.02,106.0123,106.02,106.0123,10.0
1364899740000,106.08,106.11,106.11,106.08,1.9871
1364900040000,105.0,105.0,105.0,105.0,12.0
1364900100000,104.0,103.95,104.21,103.95,50.0
1364900160000,103.77,104.0,104.0,103.77,18.0
1364900340000,105.33,105.33,105.33,105.33,0.01917537
1364900400000,105.23999,105.35,105.35,105.23999,0.56468344
1364900460000,105.23999,105.23999,105.23999,105.23999,0.04980807
1364900520000,105.23998,105.23998,105.23998,105.23998,0.01158926
1364900760000,104.40009,104.4,104.40009,104.4,50.0
1364900940000,105.9,105.50001,106.0,105.50001,31.01805451
1364901240000,106.2,106.2,106.2,106.2,3.5
1364901900000,105.79999,106.4,106.4,105.79999,28.63000000000001
1364901960000,105.71491,105.0,105.71491,105.0,50.0
1364902200000,105.97999,105.99999,105.99999,105.97999,4.21309291
1364902260000,106.0,106.40008,106.40008,106.0,45.78690709000001
1364902560000,106.40007,106.40008,106.40008,106.40007,1.0
1364903460000,106.6,106.6,106.6,106.6,10.0
1364905500000,106.50003,107.12101,107.12101,106.201,50.0
1364906100000,107.775,107.775,107.775,107.775,0.1
1364906160000,107.77501,107.875,107.875,107.775,0.37180363
1364906220000,107.875,107.925,107.975,107.875,0.27057533
1364906580000,107.8,107.8,107.8,107.8,18.6
1364906640000,107.8,107.8,107.8,107.8,18.6
1364907180000,107.65,107.65,107.65,107.65,3.0
1364907480000,107.65,107.65,107.65,107.65,2.5
1364907540000,107.90002,107.90001,107.90002,107.90001,0.61772989
1364907600000,107.90002,107.90002,107.90002,107.90002,0.12770269
1364907660000,107.80001,107.8,107.80001,107.8,2.7560882
1364907780000,107.65,107.65,107.65,107.65,10.1
1364907900000,107.9,107.9,107.9,107.9,21.64573893
1364907960000,107.65,107.65,107.65,107.65,50.0
1364908080000,107.998,107.998,107.998,107.998,20.95635756
1364908740000,108.0399,108.0399,108.0399,108.0399,10.0
1364909040000,107.20001,107.2,107.20001,107.2,0.8
1364910300000,107.987,107.987,107.987,107.987,0.01
1364910360000,107.99,107.99,107.99,107.99,40.69259403
1364910540000,107.21001,107.21,107.21001,107.21,19.7973
1364910780000,107.2,107.2,107.2,107.2,2.38253285
1364911380000,107.8,107.8,107.8,107.8,7.949999999999997
1364911800000,107.84837,107.84837,107.84837,107.84837,0.1563751
1364911920000,107.85,107.85,107.85,107.85,1.70874585
1364911980000,107.6,107.85,107.85,107.6,9.876876500000002
1364912160000,107.86485,107.86485,107.86485,107.86485,1.0
1364912220000,107.80002,107.80001,107.80002,107.80001,20.55642419
1364912280000,107.51001,107.5,107.51001,107.5,5.0
1364912640000,108.8275,108.025,108.8275,108.025,1.2
1364912700000,107.85,108.0,108.0,107.85,5.0
1364912760000,108.0,108.0,108.85598,108.0,6.39992017
1364912820000,108.4,108.85599,108.86,108.4,42.17
1364912940000,108.5,108.5,108.5,108.5,4.06
1364913060000,108.01,107.87794,108.01,107.87794,4.999999999999999
1364913180000,108.5,108.5,108.5,108.5,11.92
1364913240000,108.04999,108.04609,108.04999,107.88001,6.67258849
1364913360000,108.0,108.0,108.0,108.0,4.98200255
1364914680000,108.05,108.05,108.05,108.05,10.0
1364915460000,108.40895848,108.40588035,108.40895848,108.40588035,4.16
1364915520000,108.40588035,108.40588035,108.40588035,108.40588035,2.08
1364915580000,108.4751196,108.4751196,108.4751196,108.4751196,13.76
1364915640000,108.46883206,108.18422222,108.46975222,108.08197222,50.0
1364915880000,108.46899088,108.46899088,108.46899088,108.46899088,17.72744638
1364915940000,108.46899088,108.46866513,108.46899088,108.46866513,12.27255362
1364916060000,108.4,107.91854903,108.47,107.91854903,19.28000255000001
1364917260000,108.47999,108.47999,108.47999,108.47999,1.0
1364917380000,107.90823396,107.47696396,107.90823396,107.1,149.44792621
1364917500000,108.47,108.00472511,108.47,108.00472511,17.72122807
1364917560000,108.00472511,108.00472511,108.00472511,108.00472511,0.12245614
1364917680000,107.49318305,107.49318305,107.49318305,107.49318305,6.50139076
1364917800000,107.69998,107.70072944,107.70072944,107.69998,2.98152038
1364918160000,107.40106053,107.09988488,107.40106053,107.09988488,21.466
1364919420000,108.0,108.0,108.0,108.0,18.54
1364919600000,108.19841083,108.19968877,108.19968877,108.19841083,32.47664210000001
1364919660000,108.14353877,108.21228971,108.21228971,108.14353877,29.20568583
1364920800000,108.1500512,108.21999,108.2804112,108.15,48.0
1364921220000,107.96963349,108.3,108.3,107.75147349,57.0
1364921580000,108.3,108.34014931,108.34014931,108.3,39.41299911
1364921640000,108.35012931,108.34013931,108.35012931,108.34013931,2.41299911
1364921820000,107.80000117,107.75999117,107.80000117,107.75999117,50.0
1364921880000,107.76006946,107.76005946,107.76006946,107.76005946,1.54
1364921940000,108.32020292,108.32021292,108.32021292,108.32020292,6.0
1364922000000,108.36899,108.36899,108.36899,108.36899,0.03746807
1364922060000,108.36903881,108.37144483,108.37144483,108.36903881,100.11240421
1364922120000,108.3715206,108.37447485,108.37447485,108.3715206,0.07493614
1364923200000,108.34,108.34,108.34,108.34,35.78155435
1364923260000,108.09999,108.1,108.1,108.09999,0.6701233799999999
1364923320000,108.365,108.1,108.36899,108.09999,5.67012338
1364923380000,108.365,108.365,108.365,108.365,1.05
1364923440000,108.36,108.36,108.36,108.36,1.15
1364923680000,108.3689,108.3689,108.3689,108.3689,1.0
1364923860000,108.35999,108.36,108.36,108.35999,1.12607398
1364923980000,108.34,108.3689,108.3689,108.34,13.89725471
1364924040000,108.3689,108.3689,108.3689,108.3689,3.11975593
1364924100000,108.3689,108.3689,108.3689,108.365,5.832989360000001
1364924160000,108.34,108.3689,108.3689,108.34,4.360063159999998
1364924520000,108.01,108.09999,108.09999,108.007,5.26489106
1364925660000,108.60001,108.6,108.60001,108.5,36.11600063
1364925720000,108.399,108.399,108.399,108.399,1.51752258
1364925780000,108.399,108.399,108.399,108.399,3.11791773
1364925840000,108.605,108.605,108.605,108.605,13.88399937
1364925900000,108.7594,108.71999,108.7594,108.71999,2.0
1364925960000,108.72,108.7594,108.7594,108.72,3.73860034
1364926680000,108.79099,108.79998,108.79998,108.79099,0.07258005
1364926740000,108.83,108.83,108.83,108.83,10.0
1364926980000,108.58,108.83,108.83,108.58,15.0
1364927640000,108.8,108.8,108.8,108.8,1.0
1364927940000,108.51,108.80001,108.81127,108.51,20.0
1364928180000,108.90041,108.90041,108.90041,108.90041,0.01131245
1364928420000,108.98,108.97999,108.98,108.97999,200.0
1364928480000,108.97999,108.98,108.98,108.97999,11.0
1364928600000,110.0,110.0,110.0,110.0,21.0
1364928660000,110.25,109.689,110.25,109.689,19.54949782
1364928720000,109.689,109.99,109.99,109.689,99.54952027
1364928840000,109.99,109.99,109.99,109.99,30.0
1364928900000,109.69,109.69,109.69,109.69,1.0
1364928960000,109.95,109.95,109.95,109.95,22.0
1364929020000,109.95,109.95,109.95,109.95,17.04146646
1364929080000,109.94999,109.95,109.95,109.94999,14.92741995
1364929260000,109.99998,110.0,110.0,109.99998,274.82280752
1364929320000,109.8011,109.80109,109.8011,109.80109,1.01016951
1364929380000,110.01002,111.0,111.0,110.01002,4.0
1364930220000,110.98901,109.5,110.98901,109.151,363.87
1364930460000,110.99998,110.99998,110.99998,110.99998,0.4413583
1364930580000,110.95,110.95,110.95,110.95,0.29871
1364930640000,110.71101000000002,110.71101000000002,110.71101000000002,110.71101000000002,0.01
1364931060000,111.0,111.0,111.0,111.0,2.0
1364931240000,111.96,111.96,111.96,111.96,0.1
1364931300000,111.05002,111.96,111.96,111.05002,0.2
1364931360000,112.0,111.96,112.0,111.96,0.4
1364931420000,111.96,112.0,112.0,111.96,0.2
1364931660000,111.95001,111.95001,111.95001,111.95001,9.42
1364931900000,111.96,111.96,111.96,111.96,0.1
1364931960000,111.96,112.0,112.0,111.96,39.04
1364932020000,111.9954,113.0,113.0,111.9954,8.099999999999998
1364932080000,111.9954,113.0,113.0,111.9954,35.64504399000001
1364932140000,113.0,111.9954,113.0,111.9954,14.75495601
1364932200000,111.9954,111.9954,111.9954,111.9954,0.1
1364932260000,111.9954,111.9954,111.9954,111.9954,1.4
1364932680000,114.6795,115.0,115.25,114.6795,23.3
1364932800000,115.0,115.0,115.0,115.0,4.0
1364933040000,113.95,113.95,113.95,113.95,2.0815625
1364933280000,114.10998907,114.10832612,114.49834612,114.10832612,51.0
1364933340000,114.49834612,113.9997943,114.49834612,113.9997943,65.9
1364933520000,114.5,114.5,114.5,114.5,0.39899564
1364933580000,114.62395802,114.62395802,114.62395802,114.62395802,2.8
1364933640000,114.61809188,114.62010336,114.62010336,114.47808188,21.1164521
1364933700000,114.62010336,114.61760118,114.62010336,114.61760118,3.9493563
1364933760000,114.6,114.6,114.6,114.6,9.8
1364933820000,114.1622841,114.01355497,114.4322841,114.01355497,6.421830140000001
1364933880000,114.01355497,113.96002664,114.01492179,112.99986179,125.47128985999996
1364934000000,113.95994786,113.95970134,113.95994786,113.00159534,4.55775005
1364934060000,113.8,113.82857211,113.82857211,113.8,5.41495475
1364934120000,113.82857211,113.82857211,113.82857211,113.82857211,0.41495475
1364934180000,113.8,113.83626119,113.8450373,113.8,33.91234045
1364934240000,113.90627031,113.90627031,113.90627031,113.90627031,1.0
1364934300000,113.8987233,113.8987233,113.8987233,113.8987233,0.1
1364934480000,113.88998,113.88998,113.88998,113.88998,2.11119888
1364934540000,113.8899516,113.8899516,113.8899516,113.8899516,32.50673
1364934600000,113.8899516,113.50000311,113.88996311,113.50000311,71.61218528
1364934660000,112.87725384,112.87725384,112.87725384,112.87725384,0.88108472
1364934720000,112.87562638,113.89137362,113.89137362,112.86561638,60.42715193
1364935020000,112.52480604,112.83,112.83,112.52480604,2.52527883
1364935200000,113.88625193,113.88625193,113.88625193,113.88625193,1.0
1364935320000,113.05,113.05,113.05,113.05,2.0
1364935380000,113.3,113.3,113.3,113.3,2.1500683
1364935440000,112.81176799,112.81176799,112.81176799,112.81176799,23.0
1364935500000,112.81581563,112.8155054,112.81581563,112.8155054,15.99
1364935560000,112.1221439,112.1221439,112.1221439,112.1221439,10.00046127
1364936460000,113.78964456,113.79964456,113.79964456,113.78964456,50.0
1364936580000,113.79011958,113.79011958,113.79011958,113.79011958,40.0
1364936880000,115.0,115.0,115.0,115.0,10.0
1364936940000,115.79955319,115.79983854,115.79983854,115.79955319,2.58335469
1364937000000,115.79983854,115.0,115.79983854,115.0,8.79610761
1364937060000,115.0,115.0,115.0,115.0,5.0
1364937180000,114.69947339,114.99380948,114.99380948,114.32047339,7.07279877
1364937240000,114.99380948,115.0,115.0,114.99,9.07279877
1364937480000,114.99,115.0,115.0,114.99,25.0
1364937720000,114.99584835,114.99584835,114.99584835,114.99584835,10.0
1364938080000,114.99,115.0,115.0,114.99,25.0
1364938140000,115.00001,115.0,115.00001,115.0,34.82416471
1364938560000,115.19985386,115.19985386,115.19985386,115.19983386,7.65077545
1364939100000,114.76649508,114.7623716,114.76649508,114.7623716,12.87852312
1364939280000,114.78567917,114.78567917,114.78567917,114.78567917,5.94625
1364939340000,114.49971709999998,114.49997966,114.49998966,114.49971709999998,20.91435436
1364939400000,114.49998966,114.99000218,114.99000218,114.49998966,11.21654495
1364939520000,114.99358503,114.99358503,114.99358503,114.99358503,1.0
1364939640000,114.89845105,114.55847105,114.89845105,114.55847105,17.88390704
1364939760000,114.56990128,114.56990128,114.56990128,114.56990128,1.20454545
1364939880000,114.98999,115.29,115.29,114.98999,25.0
1364939940000,115.7625,115.7625,115.7625,115.7625,3.0
1364940180000,115.36893245,114.49893245,115.36893245,114.49893245,269.95120004
1364940300000,115.7625,115.34265698,115.7625,115.34265698,7.246548700000001
1364940360000,115.39265698,115.72265698,115.72265698,115.39265698,61.80345129999999
1364940540000,115.69124137,115.73124137,115.73124137,115.69124137,35.25
1364940840000,114.47877001,114.78276001,114.78276001,114.47877001,12.10927374
1364940900000,114.47601,114.779,114.779,114.47601,7.890726259999999
1364941140000,115.1,115.19,115.19,115.1,35.129999999999995
1364941200000,115.19,115.19,115.19,115.19,4.0
1364941320000,115.18,115.18,115.18,115.18,0.2
1364941560000,114.48165448,114.27588448,114.48165448,114.27588448,8.0
1364941620000,115.18,115.18,115.18,115.18,8.0
1364941740000,113.51525957,113.51525957,113.51525957,113.51525957,0.1
1364941980000,114.9,114.9,114.9,114.9,2.0
1364942040000,114.99617228,114.99617228,114.99617228,114.99617228,2.61084365
1364942100000,114.99617228,114.99305459999998,114.99617228,114.99305459999998,10.38915635
1364942340000,114.16999361,114.99812838,114.99813838,114.16999361,5.67762842
1364942460000,114.23890832,114.16949832,114.23890832,114.16949832,6.0
1364942520000,114.9894532,114.9894532,114.9894532,114.9894532,0.1088
1364942580000,114.9894532,114.98950535,114.98999,114.9894532,0.1631999999999999
1364942640000,114.98999,114.98999,114.98999,114.98999,11.00037158
1364942880000,114.20402904,114.96929827,114.96929827,114.20402904,19.54398515
1364942940000,114.80000609,114.95999609,114.95999609,114.80000609,0.97475951
1364943300000,114.8,114.8,114.8,114.8,100.0
1364943360000,114.9348,114.9348,114.9348,114.9348,4.03988098
1364943720000,115.0,115.0,115.0,115.0,4.1
1364943780000,114.94196603,114.94196603,114.94196603,114.94196603,31.9
1364943840000,114.95061925,114.94868825,114.95061925,114.94868825,0.2
1364943900000,114.9468223,114.9468223,114.9468223,114.9468223,0.14
1364943960000,114.97473290000002,114.97473290000002,114.97473290000002,114.97473290000002,0.14
1364944740000,115.99801741,115.99801741,115.99801741,115.99801741,34.87369601
1364944800000,116.0,116.0,116.0,116.0,3.0
1364944980000,116.00008995,116.00009995,116.00009995,116.00008995,3.0
1364945100000,116.0,116.20703354,116.20703354,115.74297646,3.49993079
1364945760000,116.10648839,116.10648839,116.10648839,116.10648839,2.0
1364945820000,116.7262,116.7262,116.7262,116.7262,10.0
1364946120000,117.5951,117.5951,117.5951,117.5951,1.0
1364946180000,117.5951,118.01567833,118.3867,117.5951,219.49993079
1364946720000,116.88,116.88,116.88,116.88,1.0021584
1364946960000,117.33,117.33,117.33,117.33,5.0
1364947140000,118.22935407,118.22935407,118.22935407,118.22935407,1.0
1364947260000,117.95826131,117.95826131,117.95826131,117.95826131,1.0
1364947440000,117.33,116.88,117.45962017,116.88,25.0
1364947620000,116.88,116.53353,117.34204,116.3,200.0
1364947680000,117.34202,117.61999,117.85,117.34202,100.0
1364947740000,117.31015953,117.62015953,117.62015953,117.31015953,11.5
1364947860000,116.52501,116.5101,116.52501,116.5101,15.0
1364947980000,117.51225426,117.59225426,117.59225426,117.51225426,75.73484671
1364948040000,117.63195426,116.57592778,117.63224426,116.57592778,28.66045827
1364948100000,117.17490778,117.52646229,117.52646229,116.57592778,13.17171615
1364948160000,117.17034258,116.58034258,117.17034258,116.58034258,3.0
1364948520000,116.65,116.65,116.65,116.65,5.80176468
1364948580000,116.65,117.42050944,117.42050944,116.65,5.73232623
1364948640000,117.28579719,116.65,117.42331719,116.65,12.06881537
1364948700000,116.65,117.46011957,117.46011957,116.65,18.47278528
1364949300000,117.26297254,117.26297254,117.26297254,117.26297254,2.0
1364949420000,117.00003262,117.00003262,117.00003262,117.00003262,1.34737825
1364949480000,116.72,116.72,116.72,116.72,4.0
1364949540000,117.0,117.19000248,117.19000248,117.0,2.0
1364949720000,117.15,117.15,117.15,117.15,0.39
1364950320000,117.51527725,117.81528725,117.81528725,117.51527725,4.25131313
1364950800000,118.35,118.35,118.35,118.35,1.0
1364951220000,118.35,118.35,118.35,118.35,18.0
1364951340000,117.37001,117.889,118.35,117.37001,11.0
1364951400000,117.1,117.1,117.1,117.1,18.0
1364951580000,118.35,118.35,118.35,118.35,14.0
1364951640000,118.35,118.35,118.35,118.35,10.0
1364951700000,118.35,118.35,118.35,118.35,5.0
1364951880000,117.1,117.5,117.5,117.1,49.0
1364951940000,117.5,117.5,117.5,117.5,0.09490844
1364952060000,117.5,117.5,117.5,117.5,10.90509156
1364952120000,117.74955262,118.35,118.35,117.49955262,22.71356376
1364952300000,118.35,118.35,118.35,118.35,3.41356376
1364952720000,118.35,118.35,118.35,118.35,6.18643624
1364952780000,118.20056829,118.20056829,118.20056829,118.20056829,4.31356376
1364953020000,118.00099218,118.00100218,118.00100218,118.00099218,20.0
1364953080000,118.00536838,118.20536838,118.20536838,118.00536838,16.01006687
1364953140000,118.00223759,118.00223759,118.00223759,118.00223759,0.847
1364953200000,118.00622087,118.34622087,118.34622087,118.00622087,18.0
1364953320000,117.89001,117.89001,117.89001,117.89001,0.00509156
1364953380000,118.38786670000002,118.3880667,118.3880667,118.38786670000002,2.60568644
1364953440000,117.94,117.94,117.94,117.94,0.449
1364953620000,117.63,118.0,118.0,117.63,21.74002413
1364953740000,117.53999,117.54,117.54,117.53999,9.25997587
1364954040000,117.98999,117.98999,117.98999,117.98999,2.71
1364954820000,116.57909668,116.57909668,116.57909668,116.57909668,5.0
1364956200000,118.03224427,118.03224427,118.03224427,118.03224427,1.0
1364956260000,118.99,118.99,119.09811195,118.99,1.2674
1364956320000,118.99,119.114,119.114,118.99,20.0
1364956440000,119.114,119.39,119.787,119.114,19.64052737
1364956500000,118.67501027,118.67501027,118.67501027,118.67501027,5.0
1364956620000,119.57,119.57,119.57,119.57,1.5
1364957100000,119.9208287,119.87224649,119.92224649,119.8708287,0.6
1364957280000,119.98961112,120.0,120.0,119.98961112,9.5
1364957340000,120.4135,120.4135,120.4135,120.4135,9.1
1364957400000,120.4135,121.07243355,121.12260101,120.4135,1.7000000000000004
1364957460000,121.02243355,121.12243355,121.12243355,121.02243355,0.5
1364957520000,120.9997,121.06232628,121.06232628,120.9997,0.6
1364957640000,121.13001368,121.13001368,121.13001368,121.13001368,8.06
1364957700000,121.93299797,120.9997,121.93299797,120.9997,0.9
1364957760000,121.93299797,121.88299797,121.93299797,121.88299797,0.4
1364957880000,120.9997,121.18,121.18,120.9997,2.0
1364957940000,121.15,121.5506,121.5506,120.9997,40.1
1364958000000,122.0,121.14,123.5,121.14,156.5
1364958420000,121.99945179,121.19945179,121.99945179,121.19945179,15.53900699
1364958600000,123.8997,123.8997,123.8997,123.8997,0.65
1364958660000,123.8997,125.0697,125.0697,123.8997,37.2
1364959020000,124.54630392,123.98375337,125.0697,123.98375337,2.2
1364959080000,124.48375337,124.47891141,124.48375337,124.47891141,3.80987862
1364959200000,124.51383367,124.51383367,124.51383367,124.51383367,0.1
1364959380000,124.65,124.55,124.65,124.55,10.0
1364959440000,124.87873909999998,124.87873909999998,124.87873909999998,124.87873909999998,5.0
1364959500000,124.87539613,124.87435902,124.87540613,124.87435902,10.0
1364959740000,124.95,124.95,124.95,124.95,5.0
1364959800000,125.0697,125.4296,125.4296,125.0697,10.0
1364959860000,125.4296,125.4296,125.4296,125.4296,5.14957
1364959920000,125.12972332,125.12972332,125.12972332,125.12972332,5.08914
1364959980000,125.7764,125.7764,125.7764,125.7764,4.8293846
1364960160000,126.12497332,126.00097332,126.12497332,126.00097332,13.0
1364960220000,126.48971679,124.62471679,126.48971679,124.62471679,168.85840003999994
1364960280000,124.59972679,126.49330887,127.0,124.59971679,80.75848355000002
1364960400000,123.8171708,124.0040708,124.0040708,123.8171708,11.0
1364960580000,123.99726571,124.02144829,124.02144829,123.99726571,11.03729
1364960640000,123.52533057,123.53085729999998,123.53085729999998,123.52533057,115.23729
1364960700000,123.52738372,123.52738372,123.52738372,123.52738372,15.0
1364960760000,124.0284649,124.0284649,124.0284649,124.0284649,1.0
1364961480000,123.04427766,122.76543747,123.04427766,122.55,100.0
1364961540000,123.01621056,123.01621056,123.01621056,123.01621056,10.0
1364961600000,123.00054418,123.0,123.00054418,123.0,20.0
1364961720000,123.40062759,123.30247491,123.40062759,123.30247491,2.0
1364961840000,123.00031904,120.21885398,123.00031904,120.0,32.0
1364961900000,121.79885398,119.59257752,121.79885398,119.59257752,24.02247018
1364961960000,119.57438752,119.99938752,121.29861248,119.47758752,38.05964611
1364962020000,120.79447264,119.0078639,120.79447264,118.9979539,106.77636216000003
1364962080000,119.0078539,119.93348482,119.93441783,117.99441783,228.41331784
1364962140000,119.93348482,119.93293013,119.93348482,119.93293013,60.0
1364962200000,118.45278981,118.47414816,118.71414816,118.45278981,6.481419999999999
1364962320000,119.57202826,119.80640826,119.80640826,119.57202826,11.0
1364962440000,118.85411716,118.94411716,118.98411716,118.85411716,4.26735
1364962500000,118.54579326,118.54579326,118.54579326,118.54579326,0.424
1364962800000,123.25,123.25,123.25,123.25,4.3
1364962860000,118.5,122.86155,123.25,118.5,10.57273553
1364963160000,120.025,122.86155,122.86155,120.025,10.65341463
1364963220000,120.3,120.3,120.3,120.3,2.0
1364963400000,122.49884468,122.49884468,122.49884468,122.49884468,1.7475115
1364963460000,122.85702488,122.85702488,122.85702488,122.85702488,0.3524885
1364963520000,122.90630645,122.90630645,122.90630645,122.85170355,13.00468182
1364963580000,122.8482718,122.8482718,122.8482718,122.8482718,0.1
1364963700000,121.84814385,121.84814385,121.84814385,121.84814385,2.0
1364963820000,122.00467335,123.3,123.3,122.00467335,10.0
1364963880000,121.99969117,121.99969117,121.99969117,121.99969117,6.0
1364964060000,122.75373,122.75373,122.75373,122.75373,0.5
1364964180000,122.79044571,122.78825989,122.85956429,122.78825989,10.71363636
1364964240000,122.86051597,122.86051597,122.86051597,122.86051597,10.0
1364964300000,122.85932393,122.84996347,123.3,122.8482959,166.78258743
1364964360000,122.84987046,122.84987046,122.84987046,122.84987046,7.62986557
1364964420000,122.85,122.85011069,122.85011069,122.85,6.3676
1364964480000,122.889,122.889,122.889,122.889,3.6
1364964720000,122.35,122.35,122.35,122.35,6.0
1364964840000,122.35,122.35,122.35,122.35,0.5
1364964900000,121.01205039,121.01205039,121.01205039,121.01205039,0.65
1364964960000,121.0040125,121.0040125,121.0040125,121.0040125,5.0
1364965020000,122.1,122.1,122.1,122.1,5.0
1364965080000,121.01008454,121.01008454,121.01008454,121.01008454,10.0
1364965200000,121.01092105,120.99991105,121.01092105,120.99991105,70.83901707999998
1364965260000,122.35012536,122.40012536,122.40012536,122.35012536,20.0
1364965380000,120.64745754,122.76578858,122.76578858,120.64745754,126.73643677
1364965440000,119.0,120.01488365,120.01488365,119.0,2.90909076
1364965680000,120.0,120.0,120.0,120.0,0.5
1364965740000,120.0,120.0,120.0,120.0,2.14308685
1364965800000,120.9990297,120.9990297,120.9990297,120.9990297,10.1
1364965860000,121.00015814,120.9978138,121.00015814,120.9978138,6.1
1364965920000,121.00032348,120.0,121.00032348,120.0,5.2
1364966040000,120.99731616,121.00033616,121.00033616,120.99731616,5.0
1364966160000,120.99920019,120.99921019,121.00223019,120.99920019,34.50305759
1364966220000,121.72206495,121.72206495,121.78855495,121.72206495,5.37764039
1364966340000,121.80000021,121.80000021,121.80000021,121.80000021,5.0
1364966400000,121.80087443,121.80073075,121.80087443,121.80073075,0.10465908
1364966820000,121.14613347,121.14613347,121.14613347,121.14613347,0.06303837
1364967120000,121.14022259,121.1446237,121.1446237,121.14022259,0.14560267
1364967840000,122.63972247,122.63972247,122.63972247,122.63972247,20.0
1364967900000,122.63205681,122.63205681,122.63205681,122.63205681,0.843
1364968200000,123.2,122.97,123.2,122.9636,155.0
1364968260000,123.93631249,123.94528249,123.94528249,123.93631249,0.6754352000000001
1364968320000,123.8796044,123.8796044,123.8796044,123.8796044,5.0
1364968560000,124.6376406,124.6376406,124.6376406,124.6376406,5.6
1364968620000,124.63486328,124.63375673,126.8,124.63375673,31.4
1364968680000,124.63694215,124.63694215,124.63694215,124.63694215,5.6
1364968800000,124.00958618,124.00958618,124.00958618,124.00958618,2.86438314
1364968920000,125.10858571,125.10858571,125.73410571,125.10858571,0.49152
1364968980000,125.11769428,126.995,126.995,125.11769428,2.1
1364969340000,126.995,126.995,126.995,126.995,4.0
1364969520000,126.995,129.00293118,129.00293118,126.995,300.0
1364969580000,126.99708882,126.99129071,127.0,126.99129071,57.81524281
1364969640000,127.51497116,129.14157361,129.14157361,127.51497116,33.44029667
1364969700000,127.4,127.4,127.4,127.4,0.1
1364969820000,127.4,127.4,127.4,127.4,7.9
1364969880000,128.99536959,128.99536959,128.99536959,128.99536959,16.0
1364969940000,130.99328426,130.99328426,130.99328426,130.99328426,10.0
1364970000000,131.0,131.0,131.0,131.0,10.0
1364970120000,131.0,131.0,131.0,131.0,4.0
1364970540000,128.27705656,128.27200656,128.27705656,128.27200656,12.0
1364970660000,130.00249842,130.00249842,130.00455842,130.00249842,2.6784
1364970720000,130.00249842,129.0,130.00249842,129.0,1.7692
1364970780000,129.91145601,129.91311631,129.91311631,129.91145601,3.5256
1364970840000,129.91311631,129.92612575,129.92612575,129.01133224,8.9488
1364970900000,131.0,130.016395,131.0,130.016395,17.4649887
1364970960000,131.79912076,131.79912076,131.79912076,131.79912076,0.189255
1364971020000,131.79912076,130.5,131.79912076,130.5,0.52617
1364971200000,131.73626000000002,131.73626000000002,131.73626000000002,131.73626000000002,0.36059592
1364971440000,132.4,132.38314348,132.4,132.38314348,41.61076038
1364971500000,132.37898219,132.37898219,132.37898219,132.37898219,1.0
1364971620000,132.3742151,132.4,132.4,132.3742151,8.38923962
1364971680000,132.5324072,134.6,134.6,132.5324072,48.45
1364971740000,135.0,135.0,135.0,135.0,5.0
1364971800000,132.00248652,132.00248652,132.00248652,132.00248652,1.17748616
1364971860000,131.99953677,131.71527547,131.99953677,130.99973677,37.68241642
1364971980000,131.98821542,131.98821542,131.98821542,131.98821542,3.16637974
1364972040000,131.54758737,132.02390421,132.02390421,131.54758737,12.6625
1364972160000,135.0,135.0,135.0,135.0,5.0
1364972220000,136.5316671,140.0316671,140.0316671,136.5316671,40.0
1364972280000,136.5482124,136.5482124,136.5482124,136.5482124,5.0
1364972340000,136.5482124,136.5482124,136.5482124,136.5482124,8.0
1364972520000,134.25,134.05,134.25,134.05,3.0
1364972580000,134.05980316,134.00780316,134.05980316,134.00780316,28.58925733
1364972640000,133.0,133.98819113,134.05980316,133.0,129.37834267
1364972700000,135.00118576,135.00118576,135.00118576,135.00118576,0.82308419
1364973000000,137.19997675,137.19997675,137.19997675,137.19997675,0.5
1364973120000,137.08926318,136.98926318,137.08926318,136.98926318,11.99812759
1364973240000,137.12837384,137.13192966,137.13192966,137.12837384,3.9
1364973540000,135.0,135.00147871,135.00147871,135.0,2.95
1364973600000,135.00147871,135.01203301,135.01203301,135.00147871,10.2
1364973720000,130.0,130.0,130.0,130.0,0.1
1364973840000,135.06436236,136.96291563,136.96291563,135.06291563,26.956552270000003
1364973900000,136.96291563,136.95562137,136.96291563,134.0,1.53276135
1364974140000,137.00518019,135.99,137.00874164,135.99,6.07735955
1364974200000,137.00874164,137.0,137.00874164,135.99,36.05246426
1364974320000,136.19485145,135.19484145,136.19485145,135.19484145,59.99999999999999
1364974500000,137.21076911,137.21076911,137.21076911,137.21076911,0.02887382
1364974560000,137.21076911,137.21076911,137.21076911,137.21076911,0.01443691
1364974620000,138.2998,138.2998,138.2998,138.2998,0.6
1364974680000,140.0,140.0,140.0,140.0,6.0
1364974800000,142.00029354,142.00030354,142.00030354,142.00029354,0.92707842
1364974860000,142.00082849999995,143.0,143.0,142.00082849999995,33.95107644
1364974920000,143.0,143.0,143.0,143.0,20.99792356
1364974980000,142.208726,142.208726,142.208726,142.208726,1.485
1364975040000,142.2153325,142.2153325,142.9953425,142.2153325,12.506460789999998
1364975220000,142.02587141,142.02789973,142.02789973,142.02587141,10.5
1364975280000,143.0,142.0,143.0,142.0,5.0
1364975340000,142.03701387,141.8521961,142.03701387,141.14666609999998,2.11958
1364975400000,141.14666609999998,141.14479199,141.8521961,141.14479199,0.66704
1364975520000,142.04497133,142.54497133,142.54497133,142.04497133,6.0
1364975640000,139.88107225,139.88107225,139.88107225,139.88107225,2.0
1364975760000,141.95146377,141.95146377,141.95146377,141.95146377,5.48786263
1364975880000,145.0,145.0,145.0,145.0,1.0
1364976360000,143.66312025,143.66312025,143.66312025,143.66312025,0.62233098
1364976420000,143.8,143.8,143.8,143.8,5.0
1364976660000,144.4022365,144.39609684,144.4022365,144.30986316,3.08
1364976780000,145.0,144.81099996,145.0,144.73704996,46.13669941
1364976960000,145.22278026,145.53508026,145.53508026,145.22278026,0.452
1364977140000,144.99825598,144.99825598,144.99825598,144.99825598,0.1
1364977440000,145.88240209,146.7600864,146.7600864,145.88240209,5.0
1364978040000,146.88,146.88,146.88,146.88,1.348
1364978340000,145.71217067,146.09734096,146.09734096,145.71217067,38.39
1364978400000,145.70265904,145.70265904,145.70265904,145.70265904,7.00004356
1364978640000,145.6899,145.6899,145.6899,145.6899,18.97201396
1364979120000,142.0,142.0,142.0,142.0,10.0
1364979600000,125.0,125.0,125.0,125.0,10.0
1364979720000,135.0,135.0,135.0,135.0,10.0
1364979780000,135.0,135.0,135.0,135.0,8.0
1364979900000,139.0,145.5,145.5,139.0,16.88
1364980020000,135.0,135.0,135.0,135.0,5.0
1364980140000,137.0,137.0,137.0,137.0,0.65
1364980200000,135.0,132.56633,135.15,132.56633,6.00752693
1364980320000,135.37497,135.37497,135.37497,135.37497,3.0
1364980380000,134.0,133.131,134.0,133.131,53.0
1364980440000,133.131,133.131,133.131,133.131,139.17190099
1364980560000,132.53589588,132.53589588,132.53589588,132.53589588,3.0
1364980620000,133.77122825,133.77122825,133.77122825,133.77122825,2.42277396
1364980680000,133.14337668,134.12721458,134.12721458,133.0,27.59891604
1364980740000,134.0,134.97901922,134.97901922,134.0,23.73177843
1364980920000,132.83808681,132.94767433,132.94767433,132.83808681,50.00000000000001
1364981100000,132.9176639,134.0,134.0,132.9176639,1.48991157
1364981280000,138.55,138.55,138.55,138.55,1.0
1364981400000,135.14,135.15,137.127,135.14,92.78
1364981460000,136.6537,133.15,136.6537,133.15,20.0
1364981520000,133.09016,133.09016,137.127,133.0901,48.41422974
1364981580000,133.09016,134.0,134.0,133.09016,150.0
1364981640000,132.0,132.0,132.35,132.0,37.0
1364981760000,132.0,135.11901649,135.11901649,132.0,6.0
1364981880000,129.34620238,129.32299636,129.34620238,129.32299636,1.92978636
1364981940000,131.0,125.91918409,131.0,125.91918409,42.07021364
1364982000000,131.21438333,131.41267887,131.86267887,124.93767887,90.72999999999986
1364982060000,131.36267887,130.07283626,131.36267887,130.01013788,30.24
1364982120000,129.33598695,129.33598695,129.33598695,129.33598695,28.0
1364982180000,127.0,125.8741261,127.0,125.8741261,72.98
1364982240000,128.24279732,125.86779732,128.24279732,125.86779732,13.0
1364982360000,130.50991000000002,126.0,130.50991000000002,126.0,5.0
1364982420000,130.9,127.93428,130.9,127.93428,16.9889791
1364982480000,131.0,131.0,132.0,131.0,26.0
1364982660000,130.0,130.0,130.0,130.0,15.0
1364982720000,130.1,130.1,130.1,130.1,10.0
1364982780000,130.1,130.1,130.1,130.1,5.0
1364982900000,130.0,130.13,130.13,129.99,11.0
1364983020000,128.00318592,128.68073493,128.68073493,128.00318592,51.5
1364983200000,129.99,129.99,129.99,129.99,17.65
1364983260000,129.98,130.00043195,130.13,129.89040195,85.55000000000003
1364983320000,129.87615991,129.87615991,129.87615991,129.87615991,12.0
1364983380000,129.99581046,130.00581046,130.00581046,129.99581046,107.0
1364983500000,130.01799311,130.88516369,130.88516369,130.01799311,86.25400578
1364983620000,130.52319988,130.55364988,130.55364988,130.52319988,0.22
1364983680000,130.52495272,130.0,130.52943272,130.0,1.05051
1364983740000,130.43031871,130.43031871,130.43031871,130.43031871,1.5
1364983800000,131.08621092,131.62943092,131.62943092,131.08621092,1.1
1364983860000,131.09205392,131.09205392,131.09205392,131.09205392,0.3
1364983920000,128.74836463,128.74836463,128.74836463,128.74836463,0.4
1364983980000,128.75,128.75,131.62783000000002,128.75,38.8843462
1364984040000,128.75,128.75,128.75,128.75,9.46858655
1364984100000,129.94899999999998,130.05,130.05,129.94899999999998,15.0
1364984220000,131.05,131.05,131.05,131.05,0.2
1364984280000,130.54131999999998,130.54131999999998,130.54131999999998,130.54131999999998,1.14695591
1364984340000,132.02210984,132.02210984,132.02210984,132.02210984,0.06781551
1364984640000,131.59534167,131.84534167,131.84534167,131.59534167,0.16
1364984700000,131.59677755,131.84677755,131.84677755,131.59677755,0.15208461
1364985000000,132.84453103,132.84453103,132.84453103,132.84453103,0.0796559999999999
1364985180000,135.0,135.0,135.0,135.0,10.0
1364985240000,135.0,135.0,136.09380583,135.0,52.0
1364985300000,135.0,135.0,135.0,135.0,18.2
1364985360000,137.11703789,137.11703789,137.11703789,137.11703789,0.059742
1364985480000,138.07042434,138.07042434,138.07042434,138.07042434,10.0
1364985900000,135.91353641,135.91353641,135.91353641,135.91353641,0.029871
1364986020000,135.93810253,138.1,138.1,135.93810253,10.0
1364986140000,136.90479853,137.98579853,137.98579853,136.90479853,50.0
1364986320000,137.01307956,137.01307956,137.01307956,137.01307956,0.0757791999999999
1364986500000,137.91849571,137.91849571,137.91849571,137.91849571,2.35913254
1364986560000,137.94715452,138.46930328,138.46930328,137.94714452,82.87086746
1364986620000,138.0,138.45522655,138.45522655,138.0,14.0
1364986680000,138.6,139.04870785,139.04870785,138.5683,11.02
1364986740000,138.91390808,139.86391808,140.3924,138.91390808,52.3443802
1364986800000,137.39324502,137.38891744,137.39324502,136.94101256,11.99791539
1364986860000,138.66845298,139.61861524,139.87862524,138.66845298,64.32733257
1364986920000,139.8734389,140.0734389,140.0734389,138.2535789,14.94
1364986980000,140.0,139.59868484,140.06968986,138.19548986,7.316846699999997
1364987040000,140.0,140.0,140.0,140.0,2.29
1364987100000,139.40280696,139.40280696,139.40280696,139.40280696,13.0
1364987160000,138.99851018,138.99851018,138.99851018,138.99851018,10.0
1364987220000,138.99238844,138.99237844,138.99238844,138.99237844,6.6773000000000025
1364987280000,139.76445425,139.76445425,139.76445425,139.76445425,7.88908766
1364987400000,140.02528984,140.14323096,140.14323096,140.02528984,3.3734316
1364987520000,141.00931866,141.01491355,141.01491355,141.00931866,10.0
1364987580000,141.03733694,141.03750180000003,141.03750180000003,141.03733694,0.6
1364988360000,140.0,137.55737898,140.0,137.55737898,310.0
1364988480000,139.00695567,137.55686567,139.00695567,137.55686567,10.0
1364988540000,139.49620418,139.49620418,139.49620418,139.49620418,2.2
1364988780000,137.83753181,137.57807181,137.83753181,137.57807181,20.0
1364988840000,137.66757518,137.66757518,137.66757518,137.66757518,3.0064
1364988900000,137.56657518,137.56657518,137.56657518,137.56657518,16.9936
1364989440000,138.98737075,138.98737075,138.98737075,138.98737075,2.0
1364989680000,138.94884149,138.94884149,138.94884149,138.94884149,1.0
1364990100000,139.0,139.21047258,139.21047258,139.0,4.0
1364990160000,138.61507680000005,138.61507680000005,138.61507680000005,138.61507680000005,0.01
1364990280000,139.28576313,139.28576313,139.28576313,139.28576313,0.03326511
1364990340000,139.1,139.1,139.1,139.1,4.0
1364990400000,139.29978939,139.39646413,139.39916939,139.1,45.96673489000001
1364990460000,139.00385587,139.00385587,139.00385587,139.00385587,0.009
1364990940000,139.20035515,139.20035515,139.20035515,139.20035515,0.298119
1364991300000,138.97638144,138.97638144,138.97638144,138.97638144,5.0
1364991480000,139.20144046,139.20144046,139.20144046,139.20144046,0.07289912
1364991900000,139.89788073,140.00723073,140.00723073,139.89788073,0.09056285
1364992500000,141.01135261,141.01135261,141.01135261,141.01135261,0.15
1364992560000,141.00488405,141.00389855,141.00488405,141.00389855,0.13361364
1364992680000,141.03004219,141.03004219,141.03004219,141.03004219,0.28358
1364992740000,141.04420099,141.04420099,141.04420099,141.04420099,0.14179
1364992800000,141.00943333,141.00943333,141.00943333,141.00943333,0.29101636
1364993220000,141.82927743,141.82927743,141.82927743,141.82927743,20.0
1364993700000,142.04,142.04,142.04,142.04,7.0
1364993820000,142.04,142.0444,142.0444,142.04,5.0
1364994000000,141.05293,141.05293,141.05293,141.05293,3.99594273
1364995020000,141.995,141.995,141.995,141.995,0.37627709
1364997120000,138.05,138.0,138.05,138.0,3.2
1364998500000,135.0,135.0,135.0,135.0,0.1
1364999100000,135.0,135.0,135.0,135.0,0.1
1365000180000,135.0,135.0,135.0,135.0,3.6
1365001560000,137.1,137.5,137.5,137.1,5.0
1365001620000,137.5,137.5,137.5,137.5,3.0
1365002100000,137.5,137.5,137.5,137.5,0.95636
1365002400000,137.5,137.5,137.5,137.5,2.0
1365002520000,137.5,137.5,137.5,137.5,1.0
1365002580000,137.5,137.5,137.5,137.5,3.76964
1365003240000,137.5,137.5,137.5,137.5,0.00036
1365003480000,137.0,138.0,138.0,137.0,2.0
1365003900000,130.0,130.0,130.0,130.0,0.64
1365004260000,130.0,130.0,130.0,130.0,1.0
1365004440000,133.0,133.4,133.4,133.0,4.0
1365004620000,130.0,130.0,130.0,130.0,3.0
1365004920000,130.0,130.0,130.0,130.0,0.5
1365005040000,130.0,130.0,130.0,130.0,2.93127558
1365005520000,132.6,132.6,132.6,132.6,0.06872442
1365005760000,132.59,132.59,132.59,132.59,1.0
1365005820000,132.59,135.0,135.0,132.59,6.0
1365005940000,135.0,135.0,135.0,135.0,5.0
1365006240000,137.0,137.0,137.0,137.0,0.86
1365006300000,136.05,131.95,136.05,131.95,103.76
1365006360000,132.26,131.95,134.14796,131.95,120.0
1365006480000,136.05,136.05,136.05,136.05,34.59
1365006840000,133.0,133.59,134.19,131.95,43.32032326
1365006960000,133.02500171,133.02500171,133.02500171,133.02500171,6.7
1365007020000,134.14083383,134.97,134.97,134.14083383,10.0
1365007140000,134.97,134.90186954,134.97,134.90186954,15.0
1365007200000,134.91716259999998,134.91716259999998,134.91716259999998,134.91716259999998,2.75
1365007260000,135.0009533,134.99852752,135.0009533,134.99852752,18.0
1365007320000,134.99852752,134.99852752,134.99852752,134.99852752,38.36580032
1365007440000,134.99854447,135.26754447,135.26754447,134.99854447,5.0
1365007500000,134.00774386,134.00874386,134.00874386,134.00774386,15.0
1365007560000,132.34274386,132.33472125,132.34274386,132.33472125,6.78188912
1365007860000,133.01748267,133.01748267,133.01748267,133.01748267,1.8
1365007920000,133.03401742,133.03401742,133.03401742,133.03401742,10.0
1365008340000,134.28,134.28,134.28,134.28,10.0
1365008520000,134.8,134.82,134.82,134.8,12.8
1365008820000,135.33,135.33,135.33,135.33,7.0
1365008880000,133.93379331,133.93379331,133.93379331,133.93379331,7.0
1365009000000,134.00785841,134.00785841,134.00785841,134.00785841,1.0
1365009120000,135.33,137.00836749,138.35,135.33,314.30130184
1365009180000,136.96200749,137.00836749,137.00836749,136.96200749,20.0
1365009240000,138.01292335,138.01309131,138.01309131,138.01292335,7.89600658
1365009300000,136.96506688,137.61520096,138.01406688,136.96506688,0.91
1365009720000,137.47773229,137.46293229,137.47773229,137.46293229,2.14357703
1365010560000,139.42,139.42,139.42,139.42,1.9
1365010800000,138.75077101,139.4,139.4,137.0,305.868
1365010860000,139.4,138.94309206,139.5,138.84309206,100.0
1365010920000,138.84033418,138.84033418,138.84033418,138.84033418,10.0
1365010980000,138.84033418,138.84756112,138.84756112,138.84033418,20.0
1365011040000,138.85,138.85,139.5,138.85,102.0
1365011100000,138.84,138.85,138.85,138.84,5.0
1365011160000,138.82944377,138.82944377,138.82944377,138.82944377,1.0
1365011220000,138.84699028,138.94699028,138.94699028,138.84699028,24.0
1365011280000,137.98497794,137.58498794,137.98497794,137.58498794,0.79735555
1365011340000,139.5,138.80462368,139.5,138.80362368,10.0
1365011400000,138.60571623,138.79470623,138.79470623,138.60571623,5.0
1365012300000,137.6,137.6,137.6,137.6,0.22
1365012420000,137.6,137.74,137.74,137.6,1.78
1365012540000,138.02910907,138.02910907,138.02910907,138.02910907,2.575
1365012600000,138.04305298,138.04305298,138.04305298,138.04305298,5.0
1365012840000,138.7,138.7,138.7,138.7,5.0
1365012960000,138.0,138.0,138.0,138.0,5.0
1365013080000,137.5009878,137.46,137.5009878,137.46,8.0
1365013140000,137.46,137.46,137.46,137.46,3.3
1365013260000,136.7,136.7,136.7,136.7,1.0
1365013380000,135.0,135.00423714,135.48423714,134.98799107,53.4439981
1365013560000,134.02008182,134.02008182,134.02008182,134.02008182,10.0
1365013920000,135.74,135.74,135.74,135.74,2.8
1365014280000,135.60764055,135.01633778,135.99977778,135.01633778,4.2938557
1365014340000,135.99977778,135.0,135.99977778,135.0,13.6261443
1365014460000,135.8,136.0,136.0,135.8,17.92
1365014580000,134.50641976,134.50641976,134.50641976,134.50641976,2.8
1365014880000,133.0,133.0,133.0,133.0,4.0
1365014940000,133.09091468,132.67334685,133.09091468,132.66991468,20.0
1365015060000,132.66403582,130.46404582,132.66403582,130.0,474.31308742
1365015180000,132.28819291,132.28605572,132.28819291,130.97093572,10.00423345
1365015300000,131.75,131.75,131.75,131.75,15.0
1365015360000,125.05,125.05,125.05,125.05,15.08308742
1365015420000,124.79708608,124.66585608,124.79708608,122.93585608,360.48010833
1365015480000,124.65961608,121.0,124.65961608,120.0,188.19989167
1365015540000,129.96978404,129.96978404,129.96978404,129.96978404,6.0
1365015600000,125.0,125.08513101,127.44,124.96500443,173.0
1365015660000,125.08513101,125.08513101,125.08513101,110.0,24.4
1365015720000,127.04840823,125.07659177,127.04840823,125.07659177,15.0
1365015840000,120.05,120.05,120.05,120.05,5.0
1365015900000,132.45,132.45,132.45,126.22212,47.19498165
1365015960000,132.45,132.45,132.45,132.45,30.41088713
1365016020000,120.5936,120.5936,120.5936,120.5936,0.27957536
1365016080000,120.05,120.05,120.05,120.05,36.28042464
1365016140000,120.05,120.05,120.05,120.05,43.76423345
1365016320000,122.0,122.0,122.0,122.0,17.0
1365016380000,122.0,125.0,125.0,122.0,100.0
1365016500000,124.0,124.0,124.0,124.0,20.0
1365016560000,124.0,124.0,124.0,124.0,3.0
1365016620000,125.0,125.0,125.0,125.0,27.0
1365016680000,124.99,125.0,125.0,124.99,4.0
1365016980000,126.0,127.0,127.0,126.0,12.0
1365017040000,128.0,129.0,129.0,128.0,10.0
1365017220000,125.05,125.05,125.05,125.05,92.78
1365017460000,130.0,129.51102372,130.0,129.50449372,47.722964880000006
1365017520000,129.52162721,140.08,140.08,129.52162721,39.277
1365017640000,128.04974676,128.04974676,128.04974676,128.04974676,3.512e-05
1365017880000,130.0,130.0,130.0,130.0,17.78
1365017940000,130.04974676,130.58119676,130.58119676,130.04974676,133.56872442
1365018000000,130.04974676,130.04974676,130.04974676,130.04974676,15.15
1365018060000,130.0,129.85025324,130.0,129.85025324,15.0
1365018180000,130.04974676,124.0,130.04974676,124.0,7.0
1365018240000,123.06,121.07,123.06,121.07,15.0
1365018360000,129.9,129.9,129.9,129.9,2.0
1365018960000,131.0,131.0,131.0,131.0,1.0
1365019020000,126.0,129.0,129.0,126.0,13.89818715
1365019080000,129.91950996,129.91950996,129.91950996,129.91950996,5.0
1365019380000,130.0,127.71033244,130.0,127.71033244,8.8280906
1365019440000,127.73983958,128.0,128.0,127.73983958,8.6319094
1365019620000,127.19899481,127.19899481,127.19899481,127.19899481,1.0
1365020100000,128.89907934,128.90107934,128.90107934,128.89907934,20.0
1365020160000,127.00127873,128.0,128.0,127.00127873,5.0
1365020220000,128.97737886,130.0,130.0,128.97737886,10.0
1365020820000,126.1,126.1,126.1,126.1,10.0
1365021360000,115.05525573,115.05525573,115.05525573,115.05525573,4.0
1365021420000,115.05525573,115.05525573,125.5,115.05525573,199.60387126
1365021480000,124.0,124.0,124.0,124.0,8.16015
1365021660000,124.0,118.99966415,124.0,118.99966415,57.73597874
1365021720000,115.11620046,120.0,120.0,115.11620046,21.5
1365021780000,120.0,103.96,120.0,103.96,129.12527267000002
1365021840000,115.20243786,115.20205399,125.00245786,114.36983214,399.34000000000015
1365021960000,118.10646847,118.80105847,118.80105847,118.10646847,0.52804405
1365022020000,118.10646847,118.0005196,124.0,118.0005196,74.65433986999999
1365022080000,118.00100658,118.00201658,118.00201658,118.00100658,47.82341578000001
1365022140000,118.00017261,118.00017261,118.00017261,118.00017261,4.1
1365022200000,118.00017261,118.00017261,118.00017261,118.00017261,2.37658422
1365022260000,118.00110176,118.00204309999998,119.96010176,117.00895690000002,39.11107213
1365022320000,119.80158532,119.80258532,119.80258532,119.80158532,12.0
1365022380000,117.11257532,118.0,118.0,117.11257532,7.04767864
1365022500000,118.4,117.79878247,118.4,117.79878247,16.08
1365022560000,118.25,117.11090647,118.25,117.11090647,12.04767864
1365022620000,116.97894378,116.97894378,116.97894378,116.97894378,4.26295492
1365022680000,116.01,115.1,116.01,115.1,10.0
1365023040000,118.0,118.0,118.0,118.0,3.0
1365023160000,117.17797224,117.0,118.04507224,117.0,15.0
1365023220000,117.5,117.13077569,117.5,117.13077569,20.0
1365023340000,115.44327276,115.08202724,117.0,115.0,54.0
1365023640000,116.97793571,117.06693571,117.06693571,116.97793571,10.0
1365023700000,115.39999,117.089,117.089,115.39999,20.0
1365023760000,115.13866781,115.13866781,115.13866781,115.13866781,8.0
1365023820000,115.0,115.0,115.0,115.0,5.0
1365023880000,115.0,115.0,116.11540637,115.0,58.1
1365023940000,115.0,115.35856141,115.35856141,115.0,70.0
1365024000000,114.0,114.0,114.0,114.0,5.0
1365024060000,101.51088,101.51088,101.51088,101.51088,78.71942035
1365024180000,115.0,115.0,115.0,115.0,10.0
1365024240000,113.0,113.0,113.0,113.0,2.0
1365024300000,113.0,113.0,113.0,113.0,7.0
1365024600000,114.0,114.0,114.0,114.0,0.6
1365025020000,114.23,115.2,115.2,114.23,2.0
1365025200000,114.36462227,115.13536773,115.13536773,114.36462227,207.85854202
1365025560000,116.10544740000002,116.10544740000002,116.10544740000002,116.10544740000002,4.0
1365025620000,115.03405295,115.03405295,115.03405295,115.03405295,0.7706
1365025680000,116.1417662,123.1417762,123.1417762,116.1417662,252.00000000000009
1365025740000,123.99,123.99,123.99,123.99,10.0
1365025800000,124.0,125.0,125.0,124.0,10.0
1365025860000,125.0,126.99,126.99,125.0,9.0
1365025920000,127.0,127.0,127.0,127.0,7.0
1365026160000,123.0,123.0,123.0,123.0,0.4141
1365026460000,122.9924,122.9924,122.9924,122.9924,8.8859
1365026700000,125.2,122.1,125.2,122.1,8.0
1365026760000,125.2,125.2,125.2,125.2,5.0
1365026940000,125.0,125.0,125.0,125.0,20.0
1365027300000,125.09,125.09,125.09,125.09,0.1
1365027480000,125.0,125.0,125.0,125.0,20.0
1365027540000,125.2,125.2,125.2,125.2,16.53681725
1365027660000,124.69998,123.8,124.69998,123.8,4.06326441
1365027720000,123.35,124.8,124.8,123.35,3.77525231
1365027780000,123.35,122.8,123.35,122.8,5.43386341
1365027840000,126.8,126.8,126.8,126.8,28.0
1365027900000,126.8,126.8,126.8,126.8,6.51899367
1365027960000,126.8,126.8,126.8,126.8,18.79413203
1365028080000,120.08246453,116.06271439,120.08246453,114.67973638,42.5
1365028140000,124.83732773,123.0,124.83732773,123.0,2.5
1365028200000,114.05778213,124.4,124.4,114.05778213,26.35
1365028260000,121.06404879,124.4,124.4,121.06404879,2.0
1365028380000,118.0,118.0,118.0,118.0,6.4
1365028560000,117.8,118.0,118.0,117.8,0.017093
1365028620000,120.16575,120.91,120.91,120.16575,0.50504508
1365028680000,120.16575,120.16575,120.16575,120.16575,0.49
1365029100000,122.0,122.0,122.0,122.0,10.0
1365029460000,120.52180665,121.48785665,121.97377665,120.52180665,2.77291913
1365030180000,124.0,124.0,124.0,124.0,19.0
1365030660000,122.10001,121.61593,122.10001,121.61593,0.25
1365030840000,122.8180878,122.8180878,122.8180878,122.8180878,0.25
1365030900000,123.5,124.55846509,125.0,123.5,60.00000000000001
1365030960000,122.83,122.83,122.83,122.83,38.0
1365031080000,124.33819402,129.21600402,129.21600402,124.33819402,13.0
1365031140000,130.0,131.20642601,131.20642601,130.0,25.0
1365031200000,130.87798477,128.3660245,131.11994477,128.3660245,29.95221501
1365031260000,128.37319889,128.41865032,128.41865032,128.22929889,25.0
1365031320000,129.08176988,129.19176988,129.19176988,129.08176988,1.22
1365031380000,125.0,128.16320192,128.16320192,125.0,10.82195
1365031500000,125.0,125.0,125.0,125.0,0.5
1365031560000,128.13542792,128.13542792,128.13542792,128.13542792,0.5
1365031680000,128.65299137,128.65299137,128.65299137,128.65299137,9.67805
1365031800000,128.7189,128.7189,128.7189,128.7189,24.0
1365031860000,128.09871,128.09871,128.09871,128.09871,0.1
1365031920000,128.09871,128.09871,128.09871,128.09871,0.1
1365031980000,128.1189,128.1189,128.1189,128.1189,0.1
1365032100000,128.09871,128.09871,128.09871,128.09871,0.1
1365032220000,128.09871,128.09871,128.09871,128.09871,0.1
1365032280000,128.7,128.7,128.7,128.7,0.3
1365032400000,129.0,129.0,129.0,129.0,0.1
1365032460000,130.80043349,131.21956651,131.21956651,130.80043349,0.129871
1365032580000,131.28853115,130.94147885,131.28853115,130.94147885,2.2
1365032640000,130.88784976,131.45178874,131.45178874,130.88784976,0.2
1365032760000,131.31386819,131.31,131.31386819,131.31,0.2
1365032880000,131.31,131.31,131.31,131.31,0.1
1365032940000,134.7,135.0,135.8,134.7,73.2
1365033000000,134.7,135.0,135.0,134.7,2.1
1365033120000,134.7,134.7,134.7,134.7,0.1
1365033360000,134.7,134.7,134.7,134.7,1.0
1365033420000,134.70001000000002,134.7,134.70001000000002,134.7,0.1
1365033540000,134.7,134.7,134.7,134.7,0.1
1365033600000,134.71656000000002,134.7,134.71656000000002,134.7,25.0
1365033900000,133.53053831,133.53053831,133.53053831,133.53053831,0.5
1365033960000,133.15903196,133.15376973,133.17468973,133.13811196,9.6
1365034020000,134.65538166,134.65538166,134.65538166,134.65538166,2.0
1365034140000,133.50001,133.20197,133.50001,133.20197,0.2
1365034200000,134.75598603,131.09997603,134.75598603,131.09997603,246.06774192
1365034320000,133.41797708,135.0,135.0,133.41797708,15.6
1365034380000,135.0,133.77019698,135.0,133.77019698,2.1
1365034440000,133.45,133.45,133.45,133.45,5.0
1365034500000,134.17779992,134.17779992,134.17779992,134.17779992,0.03633539
1365034560000,128.0,128.0,128.0,128.0,20.0
1365034620000,134.26399094,134.0126948,134.26399094,134.0126948,25.1
1365034800000,134.23504995,134.23504995,134.23504995,134.23504995,0.1
1365034860000,134.268222,134.268222,134.268222,134.268222,0.1
1365034920000,132.09966688,132.09966688,132.09966688,132.09966688,5.0
1365035220000,133.80676636,133.80675636,133.80676636,133.80675636,5.0
1365035760000,132.0,132.0,132.0,132.0,5.0
1365035880000,131.66,131.02001,132.06,131.02001,0.19957
1365036000000,130.0,128.00017179999998,130.0,128.00017179999998,50.0
1365036060000,130.0,130.0,130.0,130.0,20.0
1365036180000,127.95544937,127.95544937,127.95544937,127.95544937,5.0
1365036300000,128.01022937,128.01022937,128.01022937,128.01022937,0.1
1365036780000,127.45291545,127.45291545,127.45291545,127.45291545,0.1
1365037140000,126.64193499,120.0,127.26094499,120.0,25.0
1365037200000,125.96122206,126.72878206,126.72878206,125.96122206,1.0
1365037260000,125.16698685,125.16698685,125.16698685,125.16698685,0.1
1365037440000,125.13871867,125.13871867,125.13871867,125.13871867,1.0
1365037620000,123.29613803,123.29613803,123.29613803,123.29613803,1.0
1365037860000,124.23018,124.23018,124.23018,124.23018,0.49
1365037980000,122.0,122.0,122.0,122.0,10.0
1365038400000,126.1512254,126.5522354,126.5522354,126.1512254,32.17
1365038460000,127.49804452,127.49804452,127.49804452,127.49804452,1.0
1365038520000,126.48550286,126.48550286,126.48550286,126.48550286,1.0
1365038700000,126.76904405,127.86650405,127.86650405,126.76904405,1.0
1365038760000,128.00619367,128.00619367,128.00619367,128.00619367,1.0
1365039000000,129.99,129.90867003,129.99,129.90867003,6.0
1365039180000,131.0,131.75,131.75,131.0,9.0
1365039300000,129.08173093,129.08173093,129.08173093,129.08173093,0.89446322
1365039780000,129.82317127,128.99682873,129.82317127,128.99682873,4.93437195
1365039900000,129.8897555,129.8987555,129.8987555,129.8897555,35.0
1365040080000,131.75,132.78584998,133.0,131.75,100.0
1365040200000,131.12125415,130.73862415,131.12125415,130.73862415,0.15
1365040620000,134.88188676,134.88188676,134.88188676,134.88188676,20.0
1365040740000,132.05296889,134.95296889,135.0,132.05296889,15.0
1365040920000,131.77968624,131.77968624,131.77968624,131.77968624,1.0
1365041040000,129.8003304,129.8003304,129.8003304,129.8003304,0.15
1365041100000,129.00091608,129.79991608,129.79991608,129.00091608,8.8038
1365041160000,128.45541416,128.45541416,128.45541416,128.45541416,0.5
1365041220000,129.7,129.80430861,129.80430861,129.7,1.0
1365041400000,126.25,126.25,126.25,126.25,20.0
1365041460000,125.93332675,125.93332675,125.93332675,125.93332675,0.1875
1365041520000,125.95760776,127.63262776,127.63262776,125.95760776,25.1875
1365041820000,125.91265175,125.91265175,125.91265175,125.91265175,7.625
1365041880000,125.14864368,125.14862368,125.14864368,125.14862368,2.0
1365042000000,126.01826574,126.01826574,126.01826574,126.01826574,2.0
1365042120000,126.95266244,126.95266244,126.95266244,126.95266244,30.0
1365042360000,127.6,127.6,127.6,127.6,1.0
1365042720000,126.73904262,126.73904262,126.73904262,126.73904262,0.05232212
1365043200000,124.7919904,124.7919904,124.7919904,124.7919904,0.04032725
1365043620000,123.75,123.75,123.75,123.75,0.2
1365043800000,125.19999,125.19999,125.19999,125.19999,0.01787724
1365043860000,125.20186839,126.90187839,126.90187839,125.20186839,9.0
1365044100000,125.04468259,125.04468259,125.04468259,125.04468259,11.0
1365044160000,126.27202553,126.27202553,126.27202553,126.27202553,0.056
1365044400000,124.00068921,124.00068921,124.00068921,124.00068921,5.64783013
1365044460000,123.99968921,123.01488137,124.01387137,123.01488137,16.25216987
1365044820000,124.0,124.0,124.0,124.0,1.0
1365044880000,123.0,123.0,123.0,123.0,2.0
1365044940000,123.0,123.0,123.0,123.0,2.0
1365045120000,123.06202395,123.12835395,123.12835395,123.06202395,4.0
1365045360000,123.17044281,123.17044281,123.17044281,123.17044281,0.02605531
1365045600000,123.73925544,122.99416544,123.73925544,122.77,25.0
1365045720000,120.0265101,120.0,120.0265101,120.0,19.0
1365045780000,123.04806541,123.04806541,123.04806541,123.04806541,0.2
1365045900000,120.0,122.6414574,122.6414574,119.6,55.09914991
1365046080000,120.96285392,120.95990392,120.96285392,120.95990392,274.0
1365046140000,122.06845795,122.06845795,122.06845795,122.06845795,0.2
1365046200000,120.8428631,120.99633455,120.99633455,120.1296531,199.0
1365046260000,120.0447862,119.02087475,120.0447862,119.0027862,38.30325560000001
1365046320000,119.0,119.0,119.0,119.0,12.0
1365046440000,119.04613385,119.04613385,119.04613385,119.04613385,12.0
1365046500000,119.19670255,119.19670255,119.19670255,119.19670255,5.0
1365046740000,120.04210278,120.04210278,120.04210278,120.04210278,9.0
1365046860000,120.00118386,120.00118386,120.00118386,120.00118386,9.0
1365046980000,120.00723941,120.04108941,120.04108941,120.00723941,80.70284373
1365047040000,120.04208941,120.03684132,120.52222941,120.03684132,20.29715627
1365047100000,120.0,120.0,120.0,120.0,2.505
1365047160000,120.03476765,120.03477765,120.03477765,120.03476765,0.2
1365047400000,122.0,122.0,122.0,122.0,0.3
1365047460000,122.0,122.0,122.0,122.0,0.2
1365047520000,123.83319501,123.83319501,123.83319501,123.83319501,1.0
1365047640000,123.84903794,124.64904794,124.64904794,123.84903794,1.0
1365047760000,125.10314867,126.02812867,126.10314867,125.10314867,26.01003007
1365047880000,125.18639903,125.18639903,125.18639903,125.18639903,0.995195
1365047940000,125.5,125.5,125.5,125.5,4.004805
1365048000000,125.5,126.0,126.0,125.5,9.0
1365048480000,126.99906887,126.99906887,126.99906887,126.99906887,3.0
1365048540000,127.00001,127.00001,127.00001,127.00001,4.8
1365048660000,127.1,127.00001,127.1,127.00001,91.0
1365048720000,126.85,127.09493261,127.09493261,126.85,0.995195
1365049020000,126.86070956,126.99865738,126.99865738,126.86070956,3.0
1365049080000,127.00001,127.00001,127.00001,127.00001,1.0
1365049140000,127.49953952,127.49953952,127.49953952,127.49953952,2.0
1365049200000,127.50001,127.50001,127.50001,127.50001,3.8
1365049260000,127.51,127.51,127.51,127.51,1.0
1365049380000,127.87099226,127.88873454,127.88873454,127.87099226,53.24706932000001
1365049440000,127.88873454,127.87709973,127.88873454,127.0,200.15293068
1365049500000,127.89876454,127.89876454,127.89876454,127.89876454,2.7
1365049560000,127.90001,127.90001,127.90001,127.90001,52.2974
1365049680000,127.9,127.96172595,127.96172595,127.9,5.58409745
1365050040000,127.93545283,127.99439688,127.99439688,127.93545283,2.0
1365050100000,128.03106705,128.03106705,128.03106705,128.03106705,0.5
1365050220000,128.49701472,128.49701472,128.49701472,128.49701472,1.0
1365050340000,128.95549043,128.95549043,128.95549043,128.95549043,2.0
1365050460000,128.11683968,128.69417032,129.0,128.11683968,4.1
1365050820000,129.87998127,129.6,129.87998127,129.6,0.5
1365050880000,129.94839263,129.94839263,129.94839263,129.94839263,2.0
1365050940000,130.0,130.98849237,130.98849237,130.0,40.5
1365051060000,130.0,130.0,130.0,130.0,60.0
1365051120000,130.9860688,131.00293119999998,131.5,130.9860688,26.0
1365051360000,131.27287064,132.0,132.0,131.27287064,1.3
1365051480000,132.55,132.96,132.96,132.55,1.99447175
1365051720000,132.79262664,132.69631654,132.79262664,132.69631654,0.2
1365051840000,130.99800236,129.97537858,130.99800236,129.97537858,40.20000000000001
1365051900000,130.36598403,130.38445556,130.38445556,130.36598403,0.2
1365051960000,130.40613627,129.49681627,130.40613627,129.49681627,0.2
1365052020000,129.45685049,129.45685049,129.45685049,129.45685049,1.1
1365052080000,129.5,129.96043207,129.96043207,129.46206,5.0101
1365052140000,130.4964802,130.49514008,130.4964802,130.49514008,5.0
1365052320000,129.86565228,129.86565228,129.86565228,129.86565228,0.1
1365052380000,127.75,127.75,127.75,127.75,50.0
1365052500000,129.05729351,127.75,129.22593338,127.75,0.2
1365052560000,130.53853715,128.56750789,130.53853715,128.56750789,0.19755157
1365052620000,129.2,127.75,129.22053,127.75,0.2
1365052680000,127.75,127.75,127.75,127.75,0.2
1365052740000,127.75,127.75,127.75,127.75,0.1
1365052800000,128.50658606,128.50658606,128.50658606,128.50658606,0.1
1365052860000,129.00000295,129.20053159999998,129.84649295,129.00000295,1.2
1365052920000,129.60198336,129.44321512,129.87508664,129.20064336,0.47856248
1365052980000,127.75,128.94839285,128.94839285,127.75,0.3
1365053040000,128.92375557,128.92375557,128.92375557,128.92375557,0.1
1365053100000,128.91446537,129.00343828,129.00343828,128.90523601,4.114819120000001
1365053160000,129.00343828,127.75,129.00343828,127.75,2.0
1365053220000,128.97999838,128.97999838,128.97999838,128.97999838,1.0
1365053280000,128.97432382,129.87318618,129.87318618,128.97,14.06443455
1365053340000,129.03862759999998,129.01147279,129.03862759999998,128.9938976,2.01443805
1365053400000,129.01147279,129.01147279,129.01147279,129.01147279,0.01443805
1365053580000,129.01,129.01,129.01,129.01,1.9711239
1365053640000,127.75,126.9468683,127.75,126.9468683,7.1
1365053940000,127.1480812,127.1480812,127.1480812,127.1480812,0.1
1365054000000,128.85488168,128.85488168,128.85488168,128.85488168,0.0606
1365054060000,128.40815289,128.38307014,128.40815289,128.38307014,0.3
1365054120000,128.92197656,128.93197656,128.93197656,128.92197656,50.0
1365054240000,128.78387565,128.7951621,128.7951621,128.78387565,0.2
1365054300000,128.05,128.05,128.05,128.05,0.1
1365054360000,128.99978375,128.05102,128.99978375,128.05102,0.60104118
1365054420000,129.477,129.49,129.49,129.477,0.7999999999999999
1365054660000,129.48895036,129.48895036,129.48895036,129.48895036,0.0505
1365054720000,129.95,129.95,129.95,129.95,5.0
1365054780000,129.95,129.95,129.95,129.95,1.9178915
1365054960000,129.95,130.00588089,130.00588089,129.95,0.90622813
1365055020000,129.91143471,129.922003,129.99943471,129.91143471,0.5303
1365055080000,130.00992047,130.02092047,130.02092047,130.00992047,0.1
1365055260000,130.0,130.0,130.0,130.0,0.1
1365055320000,129.97513944,131.99394484,131.99394484,129.97513944,2.69156442
1365055380000,130.19872714,130.19872714,130.19872714,130.19872714,1.04801496
1365055800000,131.54334244,131.54334244,131.54334244,131.54334244,1.20622813
1365055920000,131.49964301,131.49964301,131.49964301,131.49964301,0.69920634
1365056040000,131.1217702,131.1217702,131.1217702,131.1217702,0.85715533
1365056280000,132.94707814,132.94707814,132.94707814,132.94707814,0.6
1365056340000,132.94707814,132.5,132.94707814,132.5,0.4
1365056700000,130.01921950000002,130.01921950000002,130.01921950000002,130.01921950000002,0.04563559
1365057000000,130.00011383,130.00011383,130.00011383,130.00011383,0.0134432
1365057300000,131.00331884,131.03998219,131.03998219,131.00331884,0.1
1365057420000,130.75823259,131.61823259,131.61823259,130.75823259,2.0
1365057480000,130.73998,131.0,131.0,130.73998,6.0
1365057600000,132.0,132.0,132.0,132.0,0.05
1365058200000,131.09214,131.09238705,131.09238705,131.09214,2.0
1365058380000,131.73786,131.12222,131.73786,131.12222,10.0
1365058440000,132.0,132.0,132.0,131.12322,11.0
1365058620000,131.39862,131.39862,131.39862,131.39862,4.5932
1365058860000,131.19037958,131.19539251,131.19539251,131.19037958,0.00233742
1365058920000,131.19539251,131.26557966,131.26557966,131.19539251,0.00233742
1365059220000,131.9469316,131.9725316,131.9725316,131.9469316,0.02665102
1365059460000,132.02821166,132.02821166,132.02821166,132.02821166,0.84
1365059640000,132.00229779,132.00229779,132.00229779,132.00229779,1.0
1365060120000,131.59425249,131.59424249,131.59425249,131.59424249,2.0
1365061680000,132.3245,133.0,133.0,132.3245,3.14574
1365061740000,132.11001000000002,132.11001000000002,132.11001000000002,132.11001000000002,0.75
1365061980000,132.8,132.8,132.8,132.8,0.1
1365062520000,132.32953043,132.32953043,132.32953043,132.32953043,0.1
1365063180000,131.59352141,131.59352141,131.59352141,131.59352141,0.00031464
1365064560000,130.56083016,130.57083016,130.57083016,130.56083016,3.0
1365065340000,132.13755775,132.13755775,132.13755775,132.13755775,2.0
1365065640000,133.0,133.0,133.0,133.0,2.0
1365065760000,133.0,133.0,133.0,133.0,2.0
1365066240000,134.0,133.97550142,134.0,133.97550142,21.50137829
1365066360000,134.08186659,134.08185659,134.08186659,134.08185659,2.0
1365066420000,134.44692565,134.44692565,134.44692565,134.44692565,2.0
1365066480000,134.43563004,134.43563004,134.43563004,134.43563004,3.0
1365066540000,134.99,134.99,134.99,134.99,2.0
1365066660000,134.00001,134.0,134.00001,134.0,5.0
1365066780000,133.99569657,133.99413833,133.99569657,133.99413833,3.0
1365066840000,133.99623549,133.99622549,133.99623549,133.99622549,14.49137829
1365070560000,131.99,132.11147965,136.0,131.99,24.20000000000001
1365070620000,132.11116775,132.11116775,132.11116775,132.11116775,215.0
1365070800000,132.11222463,132.11223463,132.11223463,132.11222463,10.0
1365070860000,132.10998999999998,132.11,132.11,132.10998999999998,10.0
1365071280000,132.0,132.114,132.114,132.0,0.2
1365071640000,132.787,132.787,132.787,132.787,0.1
1365071700000,133.14,132.999,133.14,132.997,4.0
1365071760000,133.0,133.14600000000002,133.14600000000002,133.0,29.00724342
1365071820000,133.189,133.189,133.189,133.189,2.0
1365071880000,133.466,133.466,133.466,133.466,2.0
1365072180000,133.499,133.491,133.499,133.491,2.6180000000000003
1365072300000,133.49,133.504,133.504,133.49,27.6
1365074760000,133.702,133.702,133.702,133.702,0.1
1365075000000,134.029,134.128,134.128,134.029,5.0
1365075300000,134.914,134.914,134.914,134.914,1.0
1365075480000,134.994,134.994,134.994,134.994,6.0
1365075600000,135.112,135.843,136.49,135.112,31.93442026
1365075660000,135.852,135.731,135.852,135.131,26.71557974
1365075720000,135.155,135.109,135.595,135.109,8.0
1365075780000,135.912,135.912,135.912,135.912,5.0
1365075960000,135.9,135.92,135.92,135.9,2.0
1365076020000,136.03,136.03,136.03,136.03,70.0
1365076260000,138.63,138.63,138.63,138.63,0.7
1365076320000,136.451,136.451,136.451,136.451,2.32812734
1365076380000,136.45,137.007,137.007,136.45,5.0